unit,engine_label
1,Engine 001
2,Engine 002
3,Engine 003
4,Engine 004
5,Engine 005
6,Engine 006
7,Engine 007
8,Engine 008
9,Engine 009
10,Engine 010
11,Engine 011
12,Engine 012
13,Engine 013
14,Engine 014
15,Engine 015
16,Engine 016
17,Engine 017
18,Engine 018
19,Engine 019
20,Engine 020
21,Engine 021
22,Engine 022
23,Engine 023
24,Engine 024
25,Engine 025
26,Engine 026
27,Engine 027
28,Engine 028
29,Engine 029
30,Engine 030
31,Engine 031
32,Engine 032
33,Engine 033
34,Engine 034
35,Engine 035
36,Engine 036
37,Engine 037
38,Engine 038
39,Engine 039
40,Engine 040
41,Engine 041
42,Engine 042
43,Engine 043
44,Engine 044
45,Engine 045
46,Engine 046
47,Engine 047
48,Engine 048
49,Engine 049
50,Engine 050
51,Engine 051
52,Engine 052
53,Engine 053
54,Engine 054
55,Engine 055
56,Engine 056
57,Engine 057
58,Engine 058
59,Engine 059
60,Engine 060
61,Engine 061
62,Engine 062
63,Engine 063
64,Engine 064
65,Engine 065
66,Engine 066
67,Engine 067
68,Engine 068
69,Engine 069
70,Engine 070
71,Engine 071
72,Engine 072
73,Engine 073
74,Engine 074
75,Engine 075
76,Engine 076
77,Engine 077
78,Engine 078
79,Engine 079
80,Engine 080
81,Engine 081
82,Engine 082
83,Engine 083
84,Engine 084
85,Engine 085
86,Engine 086
87,Engine 087
88,Engine 088
89,Engine 089
90,Engine 090
91,Engine 091
92,Engine 092
93,Engine 093
94,Engine 094
95,Engine 095
96,Engine 096
97,Engine 097
98,Engine 098
99,Engine 099
100,Engine 100
